gender,muscle_group,exercise_name,relative_path,size_bytes
girl,Abs,"45 Degree Bycicle Twisting Crunch","girl/Abs/45 Degree Bycicle Twisting Crunch.mp4",635036
girl,Abs,"45 Degree Side Bend","girl/Abs/45 Degree Side Bend.mp4",507204
girl,Abs,"Air Twisting Crunch","girl/Abs/Air Twisting Crunch.mp4",1494872
girl,Abs,"Band Decline Sit-ups","girl/Abs/Band Decline Sit-ups.mp4",821631
girl,Abs,"Band Side Bend","girl/Abs/Band Side Bend.mp4",377311
girl,Abs,"Band Standing Crunch","girl/Abs/Band Standing Crunch.mp4",576636
girl,Abs,"Band Standing Lift","girl/Abs/Band Standing Lift.mp4",741931
girl,Abs,"Band Twist (Up-down)","girl/Abs/Band Twist (Up-down).mp4",703460
girl,Abs,"Band Twist","girl/Abs/Band Twist.mp4",1170474
girl,Abs,"Bench Leg Raise","girl/Abs/Bench Leg Raise.mp4",559226
girl,Abs,"Bent Knee Lying Twist","girl/Abs/Bent Knee Lying Twist.mp4",908834
girl,Abs,"Cable Kneeling Crunch","girl/Abs/Cable Kneeling Crunch.mp4",695381
girl,Abs,"Cable Standing Crunch","girl/Abs/Cable Standing Crunch.mp4",645030
girl,Abs,"Cable Standing Lift","girl/Abs/Cable Standing Lift.mp4",688702
girl,Abs,"Cable Twist (up-down)","girl/Abs/Cable Twist (up-down).mp4",725153
girl,Abs,"Crunch (on bench)","girl/Abs/Crunch (on bench).mp4",685048
girl,Abs,"Dumbbell Side Bend","girl/Abs/Dumbbell Side Bend.mp4",474412
girl,Abs,"Hanging Leg Hip Raise","girl/Abs/Hanging Leg Hip Raise.mp4",653478
girl,Abs,"Hanging Straight Leg Hip Raise","girl/Abs/Hanging Straight Leg Hip Raise.mp4",653478
girl,Abs,"Hanging Straight Leg Raise","girl/Abs/Hanging Straight Leg Raise.mp4",483199
girl,Abs,"Incline Leg Hip Raise","girl/Abs/Incline Leg Hip Raise.mp4",758571
girl,Abs,"Landmine 180","girl/Abs/Landmine 180.mp4",646521
girl,Abs,"Lever Seated Crunch","girl/Abs/Lever Seated Crunch.mp4",649587
girl,Abs,"Lever Seated Leg Raise Crunch","girl/Abs/Lever Seated Leg Raise Crunch.mp4",778462
girl,Abs,"Lying Floor Leg Raise","girl/Abs/Lying Floor Leg Raise.mp4",473322
girl,Abs,"Lying Straight Leg Raise","girl/Abs/Lying Straight Leg Raise.mp4",688183
girl,Abs,"Otis-ups","girl/Abs/Otis-ups.mp4",822371
girl,Abs,"Side Bridge - Side Plank","girl/Abs/Side Bridge - Side Plank.mp4",540103
girl,Abs,"Sit-up On Exercise Ball","girl/Abs/Sit-up On Exercise Ball.mp4",1163911
girl,Abs,"Sit-ups","girl/Abs/Sit-ups.mp4",750084
girl,Abs,"Spell Caster","girl/Abs/Spell Caster.mp4",758379
girl,Abs,"Stretching - Chin-to-chest Stretch","girl/Abs/Stretching - Chin-to-chest Stretch.mp4",413002
girl,Abs,"Stretching - Iron Cross Stretch","girl/Abs/Stretching - Iron Cross Stretch.mp4",763756
girl,Abs,"Stretching - Seated Twist (straight arm)","girl/Abs/Stretching - Seated Twist (straight arm).mp4",1432976
girl,Abs,"Stretching - Spinal Stretch On Exercise Ball","girl/Abs/Stretching - Spinal Stretch On Exercise Ball.mp4",1432559
girl,Abs,"Stretching - Standing Side Bend (bent arm)","girl/Abs/Stretching - Standing Side Bend (bent arm).mp4",716607
girl,Abs,"Twisting Crunch","girl/Abs/Twisting Crunch.mp4",554843
girl,Abs,"V-up","girl/Abs/V-up.mp4",1067050
girl,Abs,"Vertical Leg Raise (on parallel bars)","girl/Abs/Vertical Leg Raise (on parallel bars).mp4",331209
girl,Abs,"Weighted Leg Extension Crunch","girl/Abs/Weighted Leg Extension Crunch.mp4",723846
girl,Back,"45 Degree Hyperextension","girl/Back/45 Degree Hyperextension.mp4",364623
girl,Back,"Band Assisted Pull-up","girl/Back/Band Assisted Pull-up.mp4",610469
girl,Back,"Band Bent-over Row","girl/Back/Band Bent-over Row.mp4",671675
girl,Back,"Band Kneeling One Arm Pulldown","girl/Back/Band Kneeling One Arm Pulldown.mp4",242365
girl,Back,"Band One Arm Twisting Seated Row","girl/Back/Band One Arm Twisting Seated Row.mp4",473030
girl,Back,"Band One Leg Kickback Bent Position","girl/Back/Band One Leg Kickback Bent Position.mp4",613620
girl,Back,"Band Pull Through","girl/Back/Band Pull Through.mp4",645610
girl,Back,"Band Seated Row","girl/Back/Band Seated Row.mp4",683104
girl,Back,"Band Straight Back Seated Row","girl/Back/Band Straight Back Seated Row.mp4",767837
girl,Back,"Barbell Bent-over Row Overgrip","girl/Back/Barbell Bent-over Row Overgrip.mp4",452932
girl,Back,"Barbell Straight Leg Deadlift","girl/Back/Barbell Straight Leg Deadlift.mp4",794821
girl,Back,"Barbell Underhand Bent-over Row","girl/Back/Barbell Underhand Bent-over Row.mp4",507136
girl,Back,"Bench Pull-ups","girl/Back/Bench Pull-ups.mp4",732910
girl,Back,"Cable Bar Lateral Pulldown (reverse-grip)","girl/Back/Cable Bar Lateral Pulldown (reverse-grip).mp4",492202
girl,Back,"Cable Bar Lateral Pulldown (wide shoulder grip)","girl/Back/Cable Bar Lateral Pulldown (wide shoulder grip).mp4",413994
girl,Back,"Cable Close Grip Front Lat Pulldown","girl/Back/Cable Close Grip Front Lat Pulldown.mp4",345581
girl,Back,"Cable One Arm Lateral Pulldown","girl/Back/Cable One Arm Lateral Pulldown.mp4",522875
girl,Back,"Cable One Arm Twisting Seated Row","girl/Back/Cable One Arm Twisting Seated Row.mp4",421440
girl,Back,"Cable Pulldown","girl/Back/Cable Pulldown.mp4",645228
girl,Back,"Cable Seated High Row (V-bar)","girl/Back/Cable Seated High Row (V-bar).mp4",614338
girl,Back,"Cable Seated Row (normal grip)","girl/Back/Cable Seated Row (normal grip).mp4",253674
girl,Back,"Cable Seated Row (parallel grip)","girl/Back/Cable Seated Row (parallel grip).mp4",299458
girl,Back,"Cable Seated Row (wide-grip)","girl/Back/Cable Seated Row (wide-grip).mp4",327103
girl,Back,"Cable Straight Arm Pulldown","girl/Back/Cable Straight Arm Pulldown.mp4",409362
girl,Back,"Cable Straight Back Seated High Row (reverse-grip)","girl/Back/Cable Straight Back Seated High Row (reverse-grip).mp4",492202
girl,Back,"Cable Straight Back Seated Row (V-grip)","girl/Back/Cable Straight Back Seated Row (V-grip).mp4",299192
girl,Back,"Cambered Bar Lying Row","girl/Back/Cambered Bar Lying Row.mp4",6446659
girl,Back,"Chin-ups  Pull-Ups","girl/Back/Chin-ups  Pull-Ups.mp4",592784
girl,Back,"Chin-ups (narrow parallel grip)","girl/Back/Chin-ups (narrow parallel grip).mp4",520168
girl,Back,"Close Grip Chin-up","girl/Back/Close Grip Chin-up.mp4",499979
girl,Back,"Commando Pull-up","girl/Back/Commando Pull-up.mp4",864855
girl,Back,"Dumbbell Bent-over Row","girl/Back/Dumbbell Bent-over Row.mp4",528373
girl,Back,"Dumbbell Deadlift","girl/Back/Dumbbell Deadlift.mp4",747329
girl,Back,"Dumbbell Hammer Grip Incline Bench Row","girl/Back/Dumbbell Hammer Grip Incline Bench Row.mp4",471333
girl,Back,"Dumbbell Incline Row","girl/Back/Dumbbell Incline Row.mp4",454195
girl,Back,"Dumbbell Lying Rear Delt Row","girl/Back/Dumbbell Lying Rear Delt Row.mp4",364616
girl,Back,"Dumbbell Palm Rotational Bent Over Row","girl/Back/Dumbbell Palm Rotational Bent Over Row.mp4",691505
girl,Back,"Dumbbell Reverse Grip Row","girl/Back/Dumbbell Reverse Grip Row.mp4",643713
girl,Back,"Dumbbell Stiff Leg Deadlift","girl/Back/Dumbbell Stiff Leg Deadlift.mp4",707527
girl,Back,"Hammer Grip Pull-up","girl/Back/Hammer Grip Pull-up.mp4",510625
girl,Back,"Inverted Row Between Chairs","girl/Back/Inverted Row Between Chairs.mp4",770251
girl,Back,"Inverted Row With Straps","girl/Back/Inverted Row With Straps.mp4",396055
girl,Back,"Kettlebell Deadlift","girl/Back/Kettlebell Deadlift.mp4",719962
girl,Back,"Lever Back Extension","girl/Back/Lever Back Extension.mp4",603148
girl,Back,"Lever High Row","girl/Back/Lever High Row.mp4",445314
girl,Back,"Lever Reverse Hyperextension","girl/Back/Lever Reverse Hyperextension.mp4",815365
girl,Back,"Lever Reverse T-Bar Row","girl/Back/Lever Reverse T-Bar Row.mp4",489026
girl,Back,"Lever T-bar Row","girl/Back/Lever T-bar Row.mp4",743479
girl,Back,"Pull-up (shoulder grip)","girl/Back/Pull-up (shoulder grip).mp4",539874
girl,Back,"Pull-up (wide back grip)","girl/Back/Pull-up (wide back grip).mp4",601691
girl,Back,"Pull-up (wide front grip)","girl/Back/Pull-up (wide front grip).mp4",534248
girl,Back,"Reverse Grip Machine Lat Pulldown","girl/Back/Reverse Grip Machine Lat Pulldown.mp4",692057
girl,Back,"Reverse Grip Pull-up","girl/Back/Reverse Grip Pull-up.mp4",605397
girl,Back,"Ring High Row","girl/Back/Ring High Row.mp4",801691
girl,Back,"Single Dumbbell Stiff Leg Deadlift","girl/Back/Single Dumbbell Stiff Leg Deadlift.mp4",746101
girl,Back,"Smith Deadlift - Deadlift","girl/Back/Smith Deadlift - Deadlift.mp4",640021
girl,Back,"Stretching - Dynamic Back Stretch","girl/Back/Stretching - Dynamic Back Stretch.mp4",314284
girl,Back,"Stretching - Elbows Back Stretch","girl/Back/Stretching - Elbows Back Stretch.mp4",294727
girl,Back,"Stretching - Kneeling Lat Stretch","girl/Back/Stretching - Kneeling Lat Stretch.mp4",676600
girl,Back,"Stretching - Middle Back Stretch","girl/Back/Stretching - Middle Back Stretch.mp4",702357
girl,Back,"Stretching - Seated Lower Back Stretch","girl/Back/Stretching - Seated Lower Back Stretch.mp4",261744
girl,Back,"Stretching - Seated Wide Angle Pose Sequence","girl/Back/Stretching - Seated Wide Angle Pose Sequence.mp4",696133
girl,Back,"Stretching - Sitting Bent Over Back Stretch","girl/Back/Stretching - Sitting Bent Over Back Stretch.mp4",711306
girl,Back,"Stretching - Slopes Towards Stretch","girl/Back/Stretching - Slopes Towards Stretch.mp4",909370
girl,Back,"Stretching - Spine Stretch Forward","girl/Back/Stretching - Spine Stretch Forward.mp4",693518
girl,Back,"Stretching - Spine Stretch","girl/Back/Stretching - Spine Stretch.mp4",506827
girl,Back,"Stretching - Standing Back Rotation Stretch","girl/Back/Stretching - Standing Back Rotation Stretch.mp4",275400
girl,Back,"Stretching - Standing Lateral Stretch","girl/Back/Stretching - Standing Lateral Stretch.mp4",346876
girl,Biceps,"Barbell Curl","girl/Biceps/Barbell Curl.mp4",693100
girl,Biceps,"Barbell Drag Curl","girl/Biceps/Barbell Drag Curl.mp4",364031
girl,Biceps,"Cable One Arm Curl","girl/Biceps/Cable One Arm Curl.mp4",242331
girl,Biceps,"Cable Standing Inner Curl","girl/Biceps/Cable Standing Inner Curl.mp4",302837
girl,Biceps,"Dumbbell Alternate Biceps Curl","girl/Biceps/Dumbbell Alternate Biceps Curl.mp4",388918
girl,Biceps,"Dumbbell Alternate Seated Biceps Curl","girl/Biceps/Dumbbell Alternate Seated Biceps Curl.mp4",261446
girl,Biceps,"Dumbbell Biceps Curl","girl/Biceps/Dumbbell Biceps Curl.mp4",305120
girl,Biceps,"Dumbbell Concentration Curl","girl/Biceps/Dumbbell Concentration Curl.mp4",310787
girl,Biceps,"Dumbbell Cross Body Hammer Curl","girl/Biceps/Dumbbell Cross Body Hammer Curl.mp4",413155
girl,Biceps,"Dumbbell Incline Biceps Curl","girl/Biceps/Dumbbell Incline Biceps Curl.mp4",336644
girl,Biceps,"Dumbbell Incline Curl","girl/Biceps/Dumbbell Incline Curl.mp4",287264
girl,Biceps,"Dumbbell Incline Hammer Curl","girl/Biceps/Dumbbell Incline Hammer Curl.mp4",331532
girl,Biceps,"Dumbbell One Arm Zottman Preacher Curl","girl/Biceps/Dumbbell One Arm Zottman Preacher Curl.mp4",324515
girl,Biceps,"Dumbbell Preacher Curl Over Exercise Ball","girl/Biceps/Dumbbell Preacher Curl Over Exercise Ball.mp4",449087
girl,Biceps,"Dumbbell Prone Incline Curl","girl/Biceps/Dumbbell Prone Incline Curl.mp4",370135
girl,Biceps,"Dumbbell Seated Preacher Curl","girl/Biceps/Dumbbell Seated Preacher Curl.mp4",284995
girl,Biceps,"EZ Barbell Biceps Curl","girl/Biceps/EZ Barbell Biceps Curl.mp4",382262
girl,Biceps,"Lever Preacher Curl","girl/Biceps/Lever Preacher Curl.mp4",535280
girl,Biceps,"Lying Supine Dumbbell Curl","girl/Biceps/Lying Supine Dumbbell Curl.mp4",462158
girl,Biceps,"Stretching - Butterfly Yoga Pose","girl/Biceps/Stretching - Butterfly Yoga Pose.mp4",777838
girl,Calves,"Band Standing Calf Raise","girl/Calves/Band Standing Calf Raise.mp4",716581
girl,Calves,"Barbell Clean And Press","girl/Calves/Barbell Clean And Press.mp4",750415
girl,Calves,"Donkey Calf Raise","girl/Calves/Donkey Calf Raise.mp4",779844
girl,Calves,"Dumbbell Front Squat","girl/Calves/Dumbbell Front Squat.mp4",738387
girl,Calves,"Dumbbell Seated Calf Raise","girl/Calves/Dumbbell Seated Calf Raise.mp4",687482
girl,Calves,"Dumbbell Single Leg Calf Raise","girl/Calves/Dumbbell Single Leg Calf Raise.mp4",513407
girl,Calves,"Dumbbell Standing Calf Raise","girl/Calves/Dumbbell Standing Calf Raise.mp4",699500
girl,Calves,"Lever Seated Calf Raise","girl/Calves/Lever Seated Calf Raise.mp4",732480
girl,Calves,"Lever Standing Calf Raise","girl/Calves/Lever Standing Calf Raise.mp4",659980
girl,Calves,"Sled 45 Degree Calf Press","girl/Calves/Sled 45 Degree Calf Press.mp4",493989
girl,Calves,"Smith Calf Raise","girl/Calves/Smith Calf Raise.mp4",477098
girl,Calves,"Stretching - Calf Stretch with Rope","girl/Calves/Stretching - Calf Stretch with Rope.mp4",625520
girl,Calves,"Stretching - Calf Stretch with Strap","girl/Calves/Stretching - Calf Stretch with Strap.mp4",434527
girl,Calves,"Stretching - Circles Knee Stretch","girl/Calves/Stretching - Circles Knee Stretch.mp4",471778
girl,Calves,"Stretching - Feet and Ankles Rotation Stretch","girl/Calves/Stretching - Feet and Ankles Rotation Stretch.mp4",280114
girl,Calves,"Stretching - Feet and Ankles Stretch","girl/Calves/Stretching - Feet and Ankles Stretch.mp4",168276
girl,Calves,"Stretching - Peroneals Stretch","girl/Calves/Stretching - Peroneals Stretch.mp4",688382
girl,Calves,"Stretching - Seated Calf Stretch","girl/Calves/Stretching - Seated Calf Stretch.mp4",636392
girl,Calves,"Stretching - Stairs Calf Stretch","girl/Calves/Stretching - Stairs Calf Stretch.mp4",397225
girl,Calves,"Stretching - Standing Bench Calf Stretch","girl/Calves/Stretching - Standing Bench Calf Stretch.mp4",634803
girl,Cardio,"Battling Ropes","girl/Cardio/Battling Ropes.mp4",186186
girl,Cardio,"Burpee","girl/Cardio/Burpee.mp4",803161
girl,Cardio,"Cardio Exercises Machine","girl/Cardio/Cardio Exercises Machine.mp4",794830
girl,Cardio,"Cardio Exercises","girl/Cardio/Cardio Exercises.mp4",1920885
girl,Cardio,"Elliptical","girl/Cardio/Elliptical.mp4",794830
girl,Cardio,"Jump Rope","girl/Cardio/Jump Rope.mp4",557510
girl,Cardio,"Jump Step-up","girl/Cardio/Jump Step-up.mp4",800601
girl,Cardio,"Jumping Jack","girl/Cardio/Jumping Jack.mp4",608200
girl,Cardio,"Running","girl/Cardio/Running.mp4",1920885
girl,Cardio,"Stationary Bike","girl/Cardio/Stationary Bike.mp4",1667626
girl,Cardio,"Stretching - Bridge Pose Setu Bandhasana","girl/Cardio/Stretching - Bridge Pose Setu Bandhasana.mp4",1564660
girl,Cardio,"Stretching - Flexion Leg Sit-up","girl/Cardio/Stretching - Flexion Leg Sit-up.mp4",642594
girl,Cardio,"Stretching - Front Toe Touch","girl/Cardio/Stretching - Front Toe Touch.mp4",700909
girl,Cardio,"Stretching - Plyo Side Lunge Stretch","girl/Cardio/Stretching - Plyo Side Lunge Stretch.mp4",1541282
girl,Cardio,"Stretching - Single Leg Stretch (bent knee)","girl/Cardio/Stretching - Single Leg Stretch (bent knee).mp4",708546
girl,Cardio,"Stretching - Single Straight Leg Stretch","girl/Cardio/Stretching - Single Straight Leg Stretch.mp4",546988
girl,Cardio,"Treadmill Running","girl/Cardio/Treadmill Running.mp4",1421444
girl,Cardio,"Walk Wave Machine","girl/Cardio/Walk Wave Machine.mp4",983199
girl,Chest,"Band High Fly","girl/Chest/Band High Fly.mp4",407045
girl,Chest,"Barbell Bench Press","girl/Chest/Barbell Bench Press.mp4",477526
girl,Chest,"Barbell Decline Bench Press","girl/Chest/Barbell Decline Bench Press.mp4",604126
girl,Chest,"Barbell Incline Bench Press","girl/Chest/Barbell Incline Bench Press.mp4",618305
girl,Chest,"Cable Lying Fly, Flat Bench Cable Fly","girl/Chest/Cable Lying Fly, Flat Bench Cable Fly.mp4",367915
girl,Chest,"Cable Standing Fly, Crossover fly","girl/Chest/Cable Standing Fly, Crossover fly.mp4",526121
girl,Chest,"Chest Dips","girl/Chest/Chest Dips.mp4",536533
girl,Chest,"Deep Push-ups","girl/Chest/Deep Push-ups.mp4",781639
girl,Chest,"Dumbbell Decline Fly (45 degree)","girl/Chest/Dumbbell Decline Fly (45 degree).mp4",727788
girl,Chest,"Dumbbell Fly On Exercise Ball","girl/Chest/Dumbbell Fly On Exercise Ball.mp4",454601
girl,Chest,"Dumbbell Fly","girl/Chest/Dumbbell Fly.mp4",745878
girl,Chest,"Dumbbell Incline Fly On Exercise Ball","girl/Chest/Dumbbell Incline Fly On Exercise Ball.mp4",503278
girl,Chest,"Incline Push-Ups","girl/Chest/Incline Push-Ups.mp4",651849
girl,Chest,"Lever Chest Press","girl/Chest/Lever Chest Press.mp4",542815
girl,Chest,"Lever Incline Hammer Chest Press","girl/Chest/Lever Incline Hammer Chest Press.mp4",584051
girl,Chest,"Lever Lying Chest Press","girl/Chest/Lever Lying Chest Press.mp4",753276
girl,Chest,"Stretching - Back Pec Stretch","girl/Chest/Stretching - Back Pec Stretch.mp4",598968
girl,Chest,"Stretching - Dynamic Chest Stretch","girl/Chest/Stretching - Dynamic Chest Stretch.mp4",285065
girl,Chest,"Stretching - Kneeling Back Rotation Stretch","girl/Chest/Stretching - Kneeling Back Rotation Stretch.mp4",487612
girl,Chest,"Stretching - Standing Reach Up Back Rotation Stretch","girl/Chest/Stretching - Standing Reach Up Back Rotation Stretch.mp4",236785
girl,Chest,"Triceps Dips","girl/Chest/Triceps Dips.mp4",628351
girl,Chest,"Wide Grip Push-ups","girl/Chest/Wide Grip Push-ups.mp4",773755
girl,Forearms,"Barbell Reverse Wrist Curl (over-grip)","girl/Forearms/Barbell Reverse Wrist Curl (over-grip).mp4",337869
girl,Forearms,"Barbell Standing Back Wrist Curl","girl/Forearms/Barbell Standing Back Wrist Curl.mp4",320701
girl,Forearms,"Dumbbell Behind Back Wrist Curl","girl/Forearms/Dumbbell Behind Back Wrist Curl.mp4",111822
girl,Forearms,"Dumbbell Over Bench Wrist Curl","girl/Forearms/Dumbbell Over Bench Wrist Curl.mp4",306358
girl,Forearms,"Dumbbell Seated Neutral Wrist Curl","girl/Forearms/Dumbbell Seated Neutral Wrist Curl.mp4",271695
girl,Forearms,"Stretching - Side Wrist Pull Stretch","girl/Forearms/Stretching - Side Wrist Pull Stretch.mp4",248846
girl,Forearms,"Stretching - Wrist Circles","girl/Forearms/Stretching - Wrist Circles.mp4",133908
girl,Forearms,"Weighted Standing Curl (weights or lever)","girl/Forearms/Weighted Standing Curl (weights or lever).mp4",289829
girl,Hips,"Band Bent Over Hip Extension","girl/Hips/Band Bent Over Hip Extension.mp4",369593
girl,Hips,"Band Hip Abduction","girl/Hips/Band Hip Abduction.mp4",264887
girl,Hips,"Band Hip Adduction","girl/Hips/Band Hip Adduction.mp4",320401
girl,Hips,"Band Leg Curl","girl/Hips/Band Leg Curl.mp4",650011
girl,Hips,"Band Seated Leg Extension","girl/Hips/Band Seated Leg Extension.mp4",310424
girl,Hips,"Band Standing Hip Extension","girl/Hips/Band Standing Hip Extension.mp4",333053
girl,Hips,"Band Standing Leg Curl","girl/Hips/Band Standing Leg Curl.mp4",243487
girl,Hips,"Barbell Clean And Press","girl/Hips/Barbell Clean And Press.mp4",750415
girl,Hips,"Barbell Front Chest Squat","girl/Hips/Barbell Front Chest Squat.mp4",762297
girl,Hips,"Barbell Lunge","girl/Hips/Barbell Lunge.mp4",780653
girl,Hips,"Classic Barbell Squat","girl/Hips/Classic Barbell Squat.mp4",628622
girl,Hips,"Close Feet Leg Press","girl/Hips/Close Feet Leg Press.mp4",685649
girl,Hips,"Dumbbell Bar Grip Sumo Squat","girl/Hips/Dumbbell Bar Grip Sumo Squat.mp4",716529
girl,Hips,"Dumbbell Front Squat","girl/Hips/Dumbbell Front Squat.mp4",738387
girl,Hips,"Dumbbell Goblet Squat","girl/Hips/Dumbbell Goblet Squat.mp4",678896
girl,Hips,"Dumbbell Lunge","girl/Hips/Dumbbell Lunge.mp4",764948
girl,Hips,"Dumbbell Lying Femoral","girl/Hips/Dumbbell Lying Femoral.mp4",586794
girl,Hips,"Dumbbell Single Leg Squat","girl/Hips/Dumbbell Single Leg Squat.mp4",713778
girl,Hips,"Dumbbell Squat","girl/Hips/Dumbbell Squat.mp4",713702
girl,Hips,"Lever Horizontal Leg Press","girl/Hips/Lever Horizontal Leg Press.mp4",1354446
girl,Hips,"Lever Kneeling Leg Curl","girl/Hips/Lever Kneeling Leg Curl.mp4",364574
girl,Hips,"Lever Leg Extension","girl/Hips/Lever Leg Extension.mp4",710851
girl,Hips,"Lever Lying Leg Curl","girl/Hips/Lever Lying Leg Curl.mp4",638049
girl,Hips,"Lever Seated Hip Abduction","girl/Hips/Lever Seated Hip Abduction.mp4",517959
girl,Hips,"Lever Seated Hip Adduction","girl/Hips/Lever Seated Hip Adduction.mp4",509787
girl,Hips,"Lever Seated Leg Curl","girl/Hips/Lever Seated Leg Curl.mp4",678595
girl,Hips,"Lever Standing Hip Extension","girl/Hips/Lever Standing Hip Extension.mp4",396927
girl,Hips,"Lever Standing Rear Kick","girl/Hips/Lever Standing Rear Kick.mp4",283754
girl,Hips,"Rear Decline Bridge","girl/Hips/Rear Decline Bridge.mp4",817987
girl,Hips,"Sled 45 Degree Leg Wide Press","girl/Hips/Sled 45 Degree Leg Wide Press.mp4",728965
girl,Hips,"Sled Hack Squat","girl/Hips/Sled Hack Squat.mp4",769057
girl,Hips,"Smith Chair Squat","girl/Hips/Smith Chair Squat.mp4",677145
girl,Hips,"Smith Leg Press","girl/Hips/Smith Leg Press.mp4",434475
girl,Hips,"Squat","girl/Hips/Squat.mp4",737304
girl,Hips,"Stretching - Adductor stretch","girl/Hips/Stretching - Adductor stretch.mp4",534349
girl,Hips,"Stretching - All Fours Squad Stretch","girl/Hips/Stretching - All Fours Squad Stretch.mp4",530141
girl,Hips,"Stretching - Boat Stretch","girl/Hips/Stretching - Boat Stretch.mp4",693297
girl,Hips,"Stretching - Ceiling Look Stretch","girl/Hips/Stretching - Ceiling Look Stretch.mp4",688104
girl,Hips,"Stretching - Crossover Kneeling Hip Flexor Stretch","girl/Hips/Stretching - Crossover Kneeling Hip Flexor Stretch.mp4",583145
girl,Hips,"Stretching - Hamstring Stretch","girl/Hips/Stretching - Hamstring Stretch.mp4",549578
girl,Hips,"Stretching - Hip Circles Stretch","girl/Hips/Stretching - Hip Circles Stretch.mp4",744078
girl,Hips,"Stretching - Hip Extension Stretch","girl/Hips/Stretching - Hip Extension Stretch.mp4",676244
girl,Hips,"Stretching - Hip Flexor Stretch Rear foot elevated","girl/Hips/Stretching - Hip Flexor Stretch Rear foot elevated.mp4",731442
girl,Hips,"Stretching - Hip Flexor and Quad Stretch","girl/Hips/Stretching - Hip Flexor and Quad Stretch.mp4",279093
girl,Hips,"Stretching - Knee Raise","girl/Hips/Stretching - Knee Raise.mp4",550308
girl,Hips,"Stretching - Quadriceps lying stretch","girl/Hips/Stretching - Quadriceps lying stretch.mp4",362236
girl,Hips,"Stretching - Quadriceps stretch","girl/Hips/Stretching - Quadriceps stretch.mp4",317010
girl,Hips,"Stretching - Runners Stretch","girl/Hips/Stretching - Runners Stretch.mp4",615113
girl,Hips,"Weighted Sissy Squat","girl/Hips/Weighted Sissy Squat.mp4",644340
girl,Shoulders,"Band Bent-over Rear Lateral Raise","girl/Shoulders/Band Bent-over Rear Lateral Raise.mp4",302672
girl,Shoulders,"Band One Arm Forward Raise","girl/Shoulders/Band One Arm Forward Raise.mp4",293501
girl,Shoulders,"Barbell Front Raise","girl/Shoulders/Barbell Front Raise.mp4",759784
girl,Shoulders,"Barbell Seated Behind Head Military Press","girl/Shoulders/Barbell Seated Behind Head Military Press.mp4",567351
girl,Shoulders,"Barbell Upright Row (wide-grip)","girl/Shoulders/Barbell Upright Row (wide-grip).mp4",426210
girl,Shoulders,"Cable Crossover Reverse Fly","girl/Shoulders/Cable Crossover Reverse Fly.mp4",516743
girl,Shoulders,"Cable Front Raise","girl/Shoulders/Cable Front Raise.mp4",399237
girl,Shoulders,"Cable Lateral Raise","girl/Shoulders/Cable Lateral Raise.mp4",545513
girl,Shoulders,"Cable One Arm Forward Raise","girl/Shoulders/Cable One Arm Forward Raise.mp4",304593
girl,Shoulders,"Cable One Arm Lateral Raise","girl/Shoulders/Cable One Arm Lateral Raise.mp4",390138
girl,Shoulders,"Cable Rear Delt Row (with rope)","girl/Shoulders/Cable Rear Delt Row (with rope).mp4",358530
girl,Shoulders,"Dumbbell Alternate Shoulder Press","girl/Shoulders/Dumbbell Alternate Shoulder Press.mp4",673637
girl,Shoulders,"Dumbbell Arnold Press","girl/Shoulders/Dumbbell Arnold Press.mp4",485808
girl,Shoulders,"Dumbbell Bench Seated Press","girl/Shoulders/Dumbbell Bench Seated Press.mp4",464176
girl,Shoulders,"Dumbbell Front Raise","girl/Shoulders/Dumbbell Front Raise.mp4",322630
girl,Shoulders,"Dumbbell Incline Hammer Press","girl/Shoulders/Dumbbell Incline Hammer Press.mp4",383587
girl,Shoulders,"Dumbbell Iron Cross","girl/Shoulders/Dumbbell Iron Cross.mp4",770519
girl,Shoulders,"Dumbbell Lateral Raise","girl/Shoulders/Dumbbell Lateral Raise.mp4",355200
girl,Shoulders,"Dumbbell One Arm Lateral Raise","girl/Shoulders/Dumbbell One Arm Lateral Raise.mp4",243409
girl,Shoulders,"Dumbbell Rear Delt Row","girl/Shoulders/Dumbbell Rear Delt Row.mp4",478689
girl,Shoulders,"Dumbbell Rear Lateral Raise","girl/Shoulders/Dumbbell Rear Lateral Raise.mp4",734270
girl,Shoulders,"Dumbbell Seated Front Raise","girl/Shoulders/Dumbbell Seated Front Raise.mp4",439564
girl,Shoulders,"Dumbbell Seated Lateral Raise","girl/Shoulders/Dumbbell Seated Lateral Raise.mp4",399638
girl,Shoulders,"EZ Barbell Anti Gravity Press","girl/Shoulders/EZ Barbell Anti Gravity Press.mp4",740587
girl,Shoulders,"Lever Lateral Raise","girl/Shoulders/Lever Lateral Raise.mp4",447123
girl,Shoulders,"Lever Military Press","girl/Shoulders/Lever Military Press.mp4",540557
girl,Shoulders,"Lever Seated Reverse Fly","girl/Shoulders/Lever Seated Reverse Fly.mp4",521327
girl,Shoulders,"Military Press","girl/Shoulders/Military Press.mp4",485761
girl,Shoulders,"Smith Seated Shoulder Press","girl/Shoulders/Smith Seated Shoulder Press.mp4",438091
girl,Shoulders,"Stretching - Band Warm-up Shoulder Stretch","girl/Shoulders/Stretching - Band Warm-up Shoulder Stretch.mp4",287601
girl,Shoulders,"Stretching - Rear Deltoid Stretch","girl/Shoulders/Stretching - Rear Deltoid Stretch.mp4",236020
girl,Shoulders,"Stretching - Seated Shoulder Flexor Depresor Retractor","girl/Shoulders/Stretching - Seated Shoulder Flexor Depresor Retractor.mp4",820850
girl,Trapezius,"Barbell Rear Delt Raise","girl/Trapezius/Barbell Rear Delt Raise.mp4",440178
girl,Trapezius,"Barbell Shrug","girl/Trapezius/Barbell Shrug.mp4",299977
girl,Trapezius,"Dumbbell Incline Shrug","girl/Trapezius/Dumbbell Incline Shrug.mp4",227193
girl,Trapezius,"Dumbbell Shrug","girl/Trapezius/Dumbbell Shrug.mp4",266932
girl,Trapezius,"Lever Shrug","girl/Trapezius/Lever Shrug.mp4",399999
girl,Trapezius,"Scapula Dips","girl/Trapezius/Scapula Dips.mp4",464182
girl,Trapezius,"Stretching - Neck Side Stretch","girl/Trapezius/Stretching - Neck Side Stretch.mp4",123600
girl,Triceps,"Band Overhead Triceps Extension","girl/Triceps/Band Overhead Triceps Extension.mp4",394506
girl,Triceps,"Band Side Triceps Pushdown","girl/Triceps/Band Side Triceps Pushdown.mp4",183595
girl,Triceps,"Band Triceps Pushdown","girl/Triceps/Band Triceps Pushdown.mp4",288360
girl,Triceps,"Bench Dips","girl/Triceps/Bench Dips.mp4",671216
girl,Triceps,"Cable Lying Triceps Extension","girl/Triceps/Cable Lying Triceps Extension.mp4",175393
girl,Triceps,"Cable Overhead Triceps Extension (rope attachment)","girl/Triceps/Cable Overhead Triceps Extension (rope attachment).mp4",331370
girl,Triceps,"Cable Pushdown (rope attachment)","girl/Triceps/Cable Pushdown (rope attachment).mp4",209992
girl,Triceps,"Cable Rope High Pulley Overhead Triceps Extension","girl/Triceps/Cable Rope High Pulley Overhead Triceps Extension.mp4",364401
girl,Triceps,"Cable Standing One Arm Triceps Extension","girl/Triceps/Cable Standing One Arm Triceps Extension.mp4",278942
girl,Triceps,"Cable Triceps Pushdown","girl/Triceps/Cable Triceps Pushdown.mp4",363032
girl,Triceps,"Close Grip Push-ups","girl/Triceps/Close Grip Push-ups.mp4",771625
girl,Triceps,"Dumbbell Close Grip Press","girl/Triceps/Dumbbell Close Grip Press.mp4",691831
girl,Triceps,"Dumbbell Incline Triceps Extension","girl/Triceps/Dumbbell Incline Triceps Extension.mp4",275273
girl,Triceps,"Dumbbell Kickback","girl/Triceps/Dumbbell Kickback.mp4",295355
girl,Triceps,"Dumbbell Lying Alternate Extension","girl/Triceps/Dumbbell Lying Alternate Extension.mp4",400709
girl,Triceps,"Dumbbell Lying Triceps Extension","girl/Triceps/Dumbbell Lying Triceps Extension.mp4",364438
girl,Triceps,"Dumbbell One Arm Triceps Extension","girl/Triceps/Dumbbell One Arm Triceps Extension.mp4",290621
girl,Triceps,"Dumbbell Pronate-grip Triceps Extension","girl/Triceps/Dumbbell Pronate-grip Triceps Extension.mp4",322106
girl,Triceps,"Dumbbell Seated Kickback","girl/Triceps/Dumbbell Seated Kickback.mp4",273768
girl,Triceps,"Dumbbell Seated Triceps Extension","girl/Triceps/Dumbbell Seated Triceps Extension.mp4",272975
girl,Triceps,"EZ Barbell Lying Triceps Extension","girl/Triceps/EZ Barbell Lying Triceps Extension.mp4",443887
girl,Triceps,"Lever Seated Dips","girl/Triceps/Lever Seated Dips.mp4",486703
girl,Triceps,"Lever Triceps Extension (neutral grip)","girl/Triceps/Lever Triceps Extension (neutral grip).mp4",400224
girl,Triceps,"Lever Triceps Extension","girl/Triceps/Lever Triceps Extension.mp4",519514
girl,Triceps,"Old School Reverse Extensions","girl/Triceps/Old School Reverse Extensions.mp4",451754
girl,Triceps,"Stretching - Kneeling Triceps Extension","girl/Triceps/Stretching - Kneeling Triceps Extension.mp4",700953
girl,Triceps,"Stretching - Reverse Dip","girl/Triceps/Stretching - Reverse Dip.mp4",687745
girl,mix,"Ball Sit-up (on stability ball)","girl/mix/Ball Sit-up (on stability ball).mp4",9201726
girl,mix,"Bent knee Lying  twist (On Stability Ball)","girl/mix/Bent knee Lying  twist (On Stability Ball).mp4",9486363
girl,mix,"Chest Lift with Rotation","girl/mix/Chest Lift with Rotation.mp4",11016406
girl,mix,"Corkscrew Pilates","girl/mix/Corkscrew Pilates.mp4",22892032
girl,mix,"Crunch (leg raise)","girl/mix/Crunch (leg raise).mp4",8252574
girl,mix,"Crunch (legs on stability ball)","girl/mix/Crunch (legs on stability ball).mp4",8139121
girl,mix,"Crunch (straight leg up)","girl/mix/Crunch (straight leg up).mp4",8894453
girl,mix,"Crunch Floor (female)","girl/mix/Crunch Floor (female).mp4",5573379
girl,mix,"Front Plank (female)","girl/mix/Front Plank (female).mp4",5377462
girl,mix,"Hip Raise Bridge","girl/mix/Hip Raise Bridge.mp4",8246391
girl,mix,"Hundred Pilates","girl/mix/Hundred Pilates.mp4",21045439
girl,mix,"Jack Split Crunches","girl/mix/Jack Split Crunches.mp4",8238138
girl,mix,"Jack knife Floor","girl/mix/Jack knife Floor.mp4",7953885
girl,mix,"JackKnife Pilates","girl/mix/JackKnife Pilates.mp4",10430246
girl,mix,"Leg Curl (on stability ball)","girl/mix/Leg Curl (on stability ball).mp4",8038390
girl,mix,"Leg Raise Hip Lift","girl/mix/Leg Raise Hip Lift.mp4",8043177
girl,mix,"Lying Hip Lift (on stability ball)","girl/mix/Lying Hip Lift (on stability ball).mp4",8178286
girl,mix,"Lying Scissor Kick (female)","girl/mix/Lying Scissor Kick (female).mp4",8394926
girl,mix,"Medicine Ball Sit-up (wall)","girl/mix/Medicine Ball Sit-up (wall).mp4",7899596
girl,mix,"Reverse Crunch (female)","girl/mix/Reverse Crunch (female).mp4",8976640
girl,mix,"Rotate Push up (female)","girl/mix/Rotate Push up (female).mp4",12548591
girl,mix,"Russian Twist (on stability ball arms straight)","girl/mix/Russian Twist (on stability ball arms straight).mp4",8109678
girl,mix,"Seated Twist (on stability ball)","girl/mix/Seated Twist (on stability ball).mp4",7157202
girl,mix,"Seated Twist (straight arm)","girl/mix/Seated Twist (straight arm).mp4",16274568
girl,mix,"Side Bend (on stability ball)","girl/mix/Side Bend (on stability ball).mp4",7475979
girl,mix,"Sit Up","girl/mix/Sit Up.mp4",8189557
girl,mix,"Weighted Leg Extension Crunch","girl/mix/Weighted Leg Extension Crunch.mp4",8264175
girl,mix,"Weighted Lying Twist","girl/mix/Weighted Lying Twist.mp4",8290615
men,Hips,"Band Bent Over Hip Extension","men/Hips/Band Bent Over Hip Extension.mp4",382856
men,Hips,"Band Hip Abduction","men/Hips/Band Hip Abduction.mp4",243561
men,Hips,"Band Hip Adduction","men/Hips/Band Hip Adduction.mp4",285782
men,Hips,"Band Leg Curl","men/Hips/Band Leg Curl.mp4",622181
men,Hips,"Band Seated Leg Extension","men/Hips/Band Seated Leg Extension.mp4",279225
men,Hips,"Band Standing Hip Extension","men/Hips/Band Standing Hip Extension.mp4",337479
men,Hips,"Band Standing Leg Curl","men/Hips/Band Standing Leg Curl.mp4",231510
men,Hips,"Barbell Clean And Press","men/Hips/Barbell Clean And Press.mp4",897650
men,Hips,"Barbell Front Chest Squat","men/Hips/Barbell Front Chest Squat.mp4",540786
men,Hips,"Barbell Lunge","men/Hips/Barbell Lunge.mp4",553898
men,Hips,"Classic Barbell Squat","men/Hips/Classic Barbell Squat.mp4",543090
men,Hips,"Close Feet Leg Press","men/Hips/Close Feet Leg Press.mp4",452915
men,Hips,"Dumbbell Bar Grip Sumo Squat","men/Hips/Dumbbell Bar Grip Sumo Squat.mp4",725627
men,Hips,"Dumbbell Front Squat","men/Hips/Dumbbell Front Squat.mp4",722461
men,Hips,"Dumbbell Goblet Squat","men/Hips/Dumbbell Goblet Squat.mp4",742562
men,Hips,"Dumbbell Lunge","men/Hips/Dumbbell Lunge.mp4",1068246
men,Hips,"Dumbbell Lying Femoral","men/Hips/Dumbbell Lying Femoral.mp4",420648
men,Hips,"Dumbbell Single Leg Squat","men/Hips/Dumbbell Single Leg Squat.mp4",1017569
men,Hips,"Dumbbell Squat","men/Hips/Dumbbell Squat.mp4",680920
men,Hips,"Lever Horizontal Leg Press","men/Hips/Lever Horizontal Leg Press.mp4",830450
men,Hips,"Lever Kneeling Leg Curl","men/Hips/Lever Kneeling Leg Curl.mp4",852706
men,Hips,"Lever Leg Extension","men/Hips/Lever Leg Extension.mp4",1123427
men,Hips,"Lever Lying Leg Curl","men/Hips/Lever Lying Leg Curl.mp4",897634
men,Hips,"Lever Seated Hip Abduction","men/Hips/Lever Seated Hip Abduction.mp4",1064772
men,Hips,"Lever Seated Hip Adduction","men/Hips/Lever Seated Hip Adduction.mp4",957965
men,Hips,"Lever Seated Leg Curl","men/Hips/Lever Seated Leg Curl.mp4",1207672
men,Hips,"Lever Standing Hip Extension","men/Hips/Lever Standing Hip Extension.mp4",800389
men,Hips,"Lever Standing Rear Kick","men/Hips/Lever Standing Rear Kick.mp4",715920
men,Hips,"Rear Decline Bridge","men/Hips/Rear Decline Bridge.mp4",835137
men,Hips,"Sled 45 Degree Leg Wide Press","men/Hips/Sled 45 Degree Leg Wide Press.mp4",391284
men,Hips,"Sled Hack Squat","men/Hips/Sled Hack Squat.mp4",767008
men,Hips,"Smith Chair Squat","men/Hips/Smith Chair Squat.mp4",394793
men,Hips,"Smith Leg Press","men/Hips/Smith Leg Press.mp4",306770
men,Hips,"Squat","men/Hips/Squat.mp4",1007268
men,Hips,"Stretching - Adductor stretch","men/Hips/Stretching - Adductor stretch.mp4",561593
men,Hips,"Stretching - All Fours Squad Stretch","men/Hips/Stretching - All Fours Squad Stretch.mp4",422539
men,Hips,"Stretching - Boat Stretch","men/Hips/Stretching - Boat Stretch.mp4",691293
men,Hips,"Stretching - Ceiling Look Stretch","men/Hips/Stretching - Ceiling Look Stretch.mp4",702978
men,Hips,"Stretching - Crossover Kneeling Hip Flexor Stretch","men/Hips/Stretching - Crossover Kneeling Hip Flexor Stretch.mp4",509244
men,Hips,"Stretching - Hamstring Stretch","men/Hips/Stretching - Hamstring Stretch.mp4",547124
men,Hips,"Stretching - Hip Circles Stretch","men/Hips/Stretching - Hip Circles Stretch.mp4",482756
men,Hips,"Stretching - Hip Extension Stretch","men/Hips/Stretching - Hip Extension Stretch.mp4",441814
men,Hips,"Stretching - Hip Flexor Stretch Rear foot elevated","men/Hips/Stretching - Hip Flexor Stretch Rear foot elevated.mp4",592903
men,Hips,"Stretching - Hip Flexor and Quad Stretch","men/Hips/Stretching - Hip Flexor and Quad Stretch.mp4",338753
men,Hips,"Stretching - Knee Raise","men/Hips/Stretching - Knee Raise.mp4",390208
men,Hips,"Stretching - Quadriceps lying stretch","men/Hips/Stretching - Quadriceps lying stretch.mp4",459189
men,Hips,"Stretching - Quadriceps stretch","men/Hips/Stretching - Quadriceps stretch.mp4",284039
men,Hips,"Stretching - Runners Stretch","men/Hips/Stretching - Runners Stretch.mp4",594849
men,Hips,"Weighted Sissy Squat","men/Hips/Weighted Sissy Squat.mp4",671853
men,Shoulders,"Band Bent-over Rear Lateral Raise","men/Shoulders/Band Bent-over Rear Lateral Raise.mp4",354310
men,Shoulders,"Band One Arm Forward Raise","men/Shoulders/Band One Arm Forward Raise.mp4",271274
men,Shoulders,"Band Standing Rear Delt Row","men/Shoulders/Band Standing Rear Delt Row.mp4",271696
men,Shoulders,"Barbell Front Raise","men/Shoulders/Barbell Front Raise.mp4",858730
men,Shoulders,"Barbell Seated Behind Head Military Press","men/Shoulders/Barbell Seated Behind Head Military Press.mp4",869310
men,Shoulders,"Barbell Upright Row (wide-grip)","men/Shoulders/Barbell Upright Row (wide-grip).mp4",711750
men,Shoulders,"Cable Crossover Reverse Fly","men/Shoulders/Cable Crossover Reverse Fly.mp4",1066978
men,Shoulders,"Cable Front Raise","men/Shoulders/Cable Front Raise.mp4",939473
men,Shoulders,"Cable Lateral Raise","men/Shoulders/Cable Lateral Raise.mp4",1077687
men,Shoulders,"Cable One Arm Forward Raise","men/Shoulders/Cable One Arm Forward Raise.mp4",615584
men,Shoulders,"Cable One Arm Lateral Raise","men/Shoulders/Cable One Arm Lateral Raise.mp4",997569
men,Shoulders,"Cable Rear Delt Row (with rope)","men/Shoulders/Cable Rear Delt Row (with rope).mp4",761773
men,Shoulders,"Dumbbell Alternate Shoulder Press","men/Shoulders/Dumbbell Alternate Shoulder Press.mp4",262336
men,Shoulders,"Dumbbell Arnold Press","men/Shoulders/Dumbbell Arnold Press.mp4",874282
men,Shoulders,"Dumbbell Bench Seated Press","men/Shoulders/Dumbbell Bench Seated Press.mp4",304048
men,Shoulders,"Dumbbell Front Raise","men/Shoulders/Dumbbell Front Raise.mp4",312469
men,Shoulders,"Dumbbell Incline Hammer Press","men/Shoulders/Dumbbell Incline Hammer Press.mp4",378236
men,Shoulders,"Dumbbell Incline Rear Lateral Raise","men/Shoulders/Dumbbell Incline Rear Lateral Raise.mp4",379072
men,Shoulders,"Dumbbell Iron Cross","men/Shoulders/Dumbbell Iron Cross.mp4",1355312
men,Shoulders,"Dumbbell Lateral Raise","men/Shoulders/Dumbbell Lateral Raise.mp4",324030
men,Shoulders,"Dumbbell One Arm Lateral Raise","men/Shoulders/Dumbbell One Arm Lateral Raise.mp4",266693
men,Shoulders,"Dumbbell Rear Delt Row","men/Shoulders/Dumbbell Rear Delt Row.mp4",682518
men,Shoulders,"Dumbbell Rear Lateral Raise","men/Shoulders/Dumbbell Rear Lateral Raise.mp4",642068
men,Shoulders,"Dumbbell Seated Front Raise","men/Shoulders/Dumbbell Seated Front Raise.mp4",524176
men,Shoulders,"Dumbbell Seated Lateral Raise","men/Shoulders/Dumbbell Seated Lateral Raise.mp4",920452
men,Shoulders,"Dumbbell Upright Row","men/Shoulders/Dumbbell Upright Row.mp4",609580
men,Shoulders,"EZ Barbell Anti Gravity Press","men/Shoulders/EZ Barbell Anti Gravity Press.mp4",1069199
men,Shoulders,"Lever Lateral Raise","men/Shoulders/Lever Lateral Raise.mp4",989851
men,Shoulders,"Lever Military Press","men/Shoulders/Lever Military Press.mp4",964546
men,Shoulders,"Lever Seated Reverse Fly","men/Shoulders/Lever Seated Reverse Fly.mp4",968597
men,Shoulders,"Military Press","men/Shoulders/Military Press.mp4",597718
men,Shoulders,"Smith Seated Shoulder Press","men/Shoulders/Smith Seated Shoulder Press.mp4",1037398
men,Shoulders,"Stretching - Band Warm-up Shoulder Stretch","men/Shoulders/Stretching - Band Warm-up Shoulder Stretch.mp4",358291
men,Shoulders,"Stretching - Rear Deltoid Stretch","men/Shoulders/Stretching - Rear Deltoid Stretch.mp4",257705
men,Shoulders,"Stretching - Seated Shoulder Flexor Depresor Retractor","men/Shoulders/Stretching - Seated Shoulder Flexor Depresor Retractor.mp4",834148
men,Trapezius,"Barbell Rear Delt Raise","men/Trapezius/Barbell Rear Delt Raise.mp4",902349
men,Trapezius,"Barbell Shrug","men/Trapezius/Barbell Shrug.mp4",234340
men,Trapezius,"Dumbbell Incline Shrug","men/Trapezius/Dumbbell Incline Shrug.mp4",284386
men,Trapezius,"Dumbbell Shrug","men/Trapezius/Dumbbell Shrug.mp4",190816
men,Trapezius,"Lever Shrug","men/Trapezius/Lever Shrug.mp4",821732
men,Trapezius,"Scapula Dips","men/Trapezius/Scapula Dips.mp4",510243
men,Triceps,"Band Overhead Triceps Extension","men/Triceps/Band Overhead Triceps Extension.mp4",353157
men,Triceps,"Band Side Triceps Pushdown","men/Triceps/Band Side Triceps Pushdown.mp4",197143
men,Triceps,"Band Triceps Pushdown","men/Triceps/Band Triceps Pushdown.mp4",324648
men,Triceps,"Barbell Close Grip Bench Press","men/Triceps/Barbell Close Grip Bench Press.mp4",1061281
men,Triceps,"Bench Dips","men/Triceps/Bench Dips.mp4",701102
men,Triceps,"Cable Lying Triceps Extension","men/Triceps/Cable Lying Triceps Extension.mp4",202674
men,Triceps,"Cable Overhead Triceps Extension (rope attachment)","men/Triceps/Cable Overhead Triceps Extension (rope attachment).mp4",258575
men,Triceps,"Cable Pushdown (rope attachment)","men/Triceps/Cable Pushdown (rope attachment).mp4",601072
men,Triceps,"Cable Rope High Pulley Overhead Triceps Extension","men/Triceps/Cable Rope High Pulley Overhead Triceps Extension.mp4",1121213
men,Triceps,"Cable Standing One Arm Triceps Extension","men/Triceps/Cable Standing One Arm Triceps Extension.mp4",654305
men,Triceps,"Cable Triceps Pushdown","men/Triceps/Cable Triceps Pushdown.mp4",818153
men,Triceps,"Close Grip Push-ups","men/Triceps/Close Grip Push-ups.mp4",702830
men,Triceps,"Dumbbell Close Grip Press","men/Triceps/Dumbbell Close Grip Press.mp4",936313
men,Triceps,"Dumbbell Incline Triceps Extension","men/Triceps/Dumbbell Incline Triceps Extension.mp4",357812
men,Triceps,"Dumbbell Kickback","men/Triceps/Dumbbell Kickback.mp4",299404
men,Triceps,"Dumbbell Lying Alternate Extension","men/Triceps/Dumbbell Lying Alternate Extension.mp4",270371
men,Triceps,"Dumbbell Lying Triceps Extension","men/Triceps/Dumbbell Lying Triceps Extension.mp4",932887
men,Triceps,"Dumbbell One Arm Triceps Extension","men/Triceps/Dumbbell One Arm Triceps Extension.mp4",517509
men,Triceps,"Dumbbell Pronate-grip Triceps Extension","men/Triceps/Dumbbell Pronate-grip Triceps Extension.mp4",449017
men,Triceps,"Dumbbell Seated Kickback","men/Triceps/Dumbbell Seated Kickback.mp4",583130
men,Triceps,"Dumbbell Seated Triceps Extension","men/Triceps/Dumbbell Seated Triceps Extension.mp4",652109
men,Triceps,"EZ Barbell Lying Triceps Extension","men/Triceps/EZ Barbell Lying Triceps Extension.mp4",1045438
men,Triceps,"Lever Seated Dips","men/Triceps/Lever Seated Dips.mp4",998440
men,Triceps,"Lever Triceps Extension (neutral grip)","men/Triceps/Lever Triceps Extension (neutral grip).mp4",1099035
men,Triceps,"Lever Triceps Extension","men/Triceps/Lever Triceps Extension.mp4",1054455
men,Triceps,"Old School Reverse Extensions","men/Triceps/Old School Reverse Extensions.mp4",476393
men,Triceps,"Stretching - Kneeling Triceps Extension","men/Triceps/Stretching - Kneeling Triceps Extension.mp4",662481
men,Triceps,"Stretching - Reverse Dip","men/Triceps/Stretching - Reverse Dip.mp4",694634
men,abs,"45 Degree Bycicle Twisting Crunch (1)","men/abs/45 Degree Bycicle Twisting Crunch (1).mp4",799944
men,abs,"45 Degree Bycicle Twisting Crunch","men/abs/45 Degree Bycicle Twisting Crunch.mp4",799944
men,abs,"45 Degree Side Bend","men/abs/45 Degree Side Bend.mp4",1026454
men,abs,"Air Twisting Crunch","men/abs/Air Twisting Crunch.mp4",1186710
men,abs,"Band Decline Sit-ups","men/abs/Band Decline Sit-ups.mp4",787901
men,abs,"Band Side Bend","men/abs/Band Side Bend.mp4",521180
men,abs,"Band Standing Crunch","men/abs/Band Standing Crunch.mp4",645132
men,abs,"Band Standing Lift","men/abs/Band Standing Lift.mp4",706821
men,abs,"Band Twist (Up-down)","men/abs/Band Twist (Up-down).mp4",756384
men,abs,"Band Twist","men/abs/Band Twist.mp4",355820
men,abs,"Bench Leg Raise","men/abs/Bench Leg Raise.mp4",679472
men,abs,"Bent Knee Lying Twist","men/abs/Bent Knee Lying Twist.mp4",1593990
men,abs,"Cable Kneeling Crunch","men/abs/Cable Kneeling Crunch.mp4",818852
men,abs,"Cable Standing Crunch","men/abs/Cable Standing Crunch.mp4",800860
men,abs,"Cable Standing Lift","men/abs/Cable Standing Lift.mp4",1434075
men,abs,"Cable Twist (up-down)","men/abs/Cable Twist (up-down).mp4",1287272
men,abs,"Crunch (on bench)","men/abs/Crunch (on bench).mp4",635739
men,abs,"Dumbbell Side Bend","men/abs/Dumbbell Side Bend.mp4",816936
men,abs,"Hanging Leg Hip Raise","men/abs/Hanging Leg Hip Raise.mp4",710446
men,abs,"Hanging Straight Leg Raise","men/abs/Hanging Straight Leg Raise.mp4",254232
men,abs,"Incline Leg Hip Raise","men/abs/Incline Leg Hip Raise.mp4",809915
men,abs,"Landmine 180","men/abs/Landmine 180.mp4",1658492
men,abs,"Lever Seated Crunch (1)","men/abs/Lever Seated Crunch (1).mp4",1086233
men,abs,"Lever Seated Crunch","men/abs/Lever Seated Crunch.mp4",1086233
men,abs,"Lever Seated Leg Raise Crunch","men/abs/Lever Seated Leg Raise Crunch.mp4",1996387
men,abs,"Lying Floor Leg Raise","men/abs/Lying Floor Leg Raise.mp4",776434
men,abs,"Lying Straight Leg Raise","men/abs/Lying Straight Leg Raise.mp4",1040326
men,abs,"Otis-ups","men/abs/Otis-ups.mp4",818318
men,abs,"Side Bridge - Side Plank","men/abs/Side Bridge - Side Plank.mp4",409003
men,abs,"Sit-up On Exercise Ball","men/abs/Sit-up On Exercise Ball.mp4",739159
men,abs,"Sit-ups","men/abs/Sit-ups.mp4",731378
men,abs,"Spell Caster","men/abs/Spell Caster.mp4",773213
men,abs,"Stretching - Chin-to-chest Stretch","men/abs/Stretching - Chin-to-chest Stretch.mp4",447376
men,abs,"Stretching - Iron Cross Stretch","men/abs/Stretching - Iron Cross Stretch.mp4",654712
men,abs,"Stretching - Seated Twist (straight arm)","men/abs/Stretching - Seated Twist (straight arm).mp4",1377258
men,abs,"Stretching - Spinal Stretch On Exercise Ball","men/abs/Stretching - Spinal Stretch On Exercise Ball.mp4",1346069
men,abs,"Stretching - Standing Side Bend (bent arm)","men/abs/Stretching - Standing Side Bend (bent arm).mp4",414357
men,abs,"Twisting Crunch","men/abs/Twisting Crunch.mp4",808641
men,abs,"V-up","men/abs/V-up.mp4",804192
men,abs,"Vertical Leg Raise (on parallel bars)","men/abs/Vertical Leg Raise (on parallel bars).mp4",615042
men,abs,"Weighted Leg Extension Crunch","men/abs/Weighted Leg Extension Crunch.mp4",824258
men,back,"45 Degree Hyperextension","men/back/45 Degree Hyperextension.mp4",644586
men,back,"Band Assisted Pull-up","men/back/Band Assisted Pull-up.mp4",591103
men,back,"Band Bent-over Row","men/back/Band Bent-over Row.mp4",712237
men,back,"Band Kneeling One Arm Pulldown","men/back/Band Kneeling One Arm Pulldown.mp4",295677
men,back,"Band One Arm Twisting Seated Row","men/back/Band One Arm Twisting Seated Row.mp4",641362
men,back,"Band One Leg Kickback Bent Position","men/back/Band One Leg Kickback Bent Position.mp4",446835
men,back,"Band Pull Through","men/back/Band Pull Through.mp4",636158
men,back,"Band Seated Row","men/back/Band Seated Row.mp4",610140
men,back,"Band Straight Back Seated Row","men/back/Band Straight Back Seated Row.mp4",647117
men,back,"Barbell Bent-over Row Overgrip","men/back/Barbell Bent-over Row Overgrip.mp4",343090
men,back,"Barbell Straight Leg Deadlift","men/back/Barbell Straight Leg Deadlift.mp4",591588
men,back,"Barbell Underhand Bent-over Row","men/back/Barbell Underhand Bent-over Row.mp4",929784
men,back,"Bench Pull-ups","men/back/Bench Pull-ups.mp4",754242
men,back,"Cable Bar Lateral Pulldown (reverse-grip)","men/back/Cable Bar Lateral Pulldown (reverse-grip).mp4",840441
men,back,"Cable Bar Lateral Pulldown (wide shoulder grip)","men/back/Cable Bar Lateral Pulldown (wide shoulder grip).mp4",388474
men,back,"Cable Close Grip Front Lat Pulldown","men/back/Cable Close Grip Front Lat Pulldown.mp4",854896
men,back,"Cable One Arm Lateral Pulldown","men/back/Cable One Arm Lateral Pulldown.mp4",809209
men,back,"Cable One Arm Twisting Seated Row","men/back/Cable One Arm Twisting Seated Row.mp4",1094064
men,back,"Cable Pulldown","men/back/Cable Pulldown.mp4",859822
men,back,"Cable Seated High Row (V-bar)","men/back/Cable Seated High Row (V-bar).mp4",1030255
men,back,"Cable Seated Row (normal grip)","men/back/Cable Seated Row (normal grip).mp4",605342
men,back,"Cable Seated Row (parallel grip)","men/back/Cable Seated Row (parallel grip).mp4",293102
men,back,"Cable Seated Row (wide-grip)","men/back/Cable Seated Row (wide-grip).mp4",309159
men,back,"Cable Straight Arm Pulldown","men/back/Cable Straight Arm Pulldown.mp4",335758
men,back,"Cable Straight Back Seated High Row (reverse-grip)","men/back/Cable Straight Back Seated High Row (reverse-grip).mp4",865162
men,back,"Cable Straight Back Seated Row (V-grip)","men/back/Cable Straight Back Seated Row (V-grip).mp4",277347
men,back,"Cambered Bar Lying Row","men/back/Cambered Bar Lying Row.mp4",645742
men,back,"Chin-ups  Pull-Ups","men/back/Chin-ups  Pull-Ups.mp4",346834
men,back,"Chin-ups (narrow parallel grip)","men/back/Chin-ups (narrow parallel grip).mp4",831999
men,back,"Close Grip Chin-up","men/back/Close Grip Chin-up.mp4",667898
men,back,"Commando Pull-up","men/back/Commando Pull-up.mp4",583509
men,back,"Dumbbell Bent-over Row","men/back/Dumbbell Bent-over Row.mp4",351355
men,back,"Dumbbell Deadlift","men/back/Dumbbell Deadlift.mp4",443933
men,back,"Dumbbell Hammer Grip Incline Bench Row","men/back/Dumbbell Hammer Grip Incline Bench Row.mp4",438377
men,back,"Dumbbell Incline Row","men/back/Dumbbell Incline Row.mp4",209831
men,back,"Dumbbell Lying Rear Delt Row","men/back/Dumbbell Lying Rear Delt Row.mp4",614171
men,back,"Dumbbell Palm Rotational Bent Over Row","men/back/Dumbbell Palm Rotational Bent Over Row.mp4",713570
men,back,"Dumbbell Reverse Grip Row","men/back/Dumbbell Reverse Grip Row.mp4",650721
men,back,"Dumbbell Stiff Leg Deadlift","men/back/Dumbbell Stiff Leg Deadlift.mp4",1122033
men,back,"Hammer Grip Pull-up","men/back/Hammer Grip Pull-up.mp4",499584
men,back,"Inverted Row Between Chairs","men/back/Inverted Row Between Chairs.mp4",798477
men,back,"Inverted Row With Straps","men/back/Inverted Row With Straps.mp4",415634
men,back,"Kettlebell Deadlift","men/back/Kettlebell Deadlift.mp4",766394
men,back,"Lever Back Extension","men/back/Lever Back Extension.mp4",1040268
men,back,"Lever High Row","men/back/Lever High Row.mp4",656426
men,back,"Lever Reverse Hyperextension","men/back/Lever Reverse Hyperextension.mp4",766983
men,back,"Lever Reverse T-Bar Row","men/back/Lever Reverse T-Bar Row.mp4",940902
men,back,"Lever T-bar Row","men/back/Lever T-bar Row.mp4",1018720
men,back,"Pull-up (shoulder grip)","men/back/Pull-up (shoulder grip).mp4",559997
men,back,"Pull-up (wide back grip)","men/back/Pull-up (wide back grip).mp4",804567
men,back,"Pull-up (wide front grip)","men/back/Pull-up (wide front grip).mp4",326231
men,back,"Reverse Grip Machine Lat Pulldown","men/back/Reverse Grip Machine Lat Pulldown.mp4",1069802
men,back,"Reverse Grip Pull-up","men/back/Reverse Grip Pull-up.mp4",613023
men,back,"Ring High Row","men/back/Ring High Row.mp4",822704
men,back,"Single Dumbbell Stiff Leg Deadlift","men/back/Single Dumbbell Stiff Leg Deadlift.mp4",708340
men,back,"Smith Deadlift - Deadlift (1)","men/back/Smith Deadlift - Deadlift (1).mp4",1136849
men,back,"Smith Deadlift - Deadlift","men/back/Smith Deadlift - Deadlift.mp4",1136849
men,back,"Stretching - Dynamic Back Stretch","men/back/Stretching - Dynamic Back Stretch.mp4",264247
men,back,"Stretching - Elbows Back Stretch","men/back/Stretching - Elbows Back Stretch.mp4",540815
men,back,"Stretching - Kneeling Lat Stretch","men/back/Stretching - Kneeling Lat Stretch.mp4",666013
men,back,"Stretching - Middle Back Stretch (1)","men/back/Stretching - Middle Back Stretch (1).mp4",645111
men,back,"Stretching - Middle Back Stretch","men/back/Stretching - Middle Back Stretch.mp4",645111
men,back,"Stretching - Seated Lower Back Stretch","men/back/Stretching - Seated Lower Back Stretch.mp4",310451
men,back,"Stretching - Seated Wide Angle Pose Sequence","men/back/Stretching - Seated Wide Angle Pose Sequence.mp4",1170065
men,back,"Stretching - Sitting Bent Over Back Stretch","men/back/Stretching - Sitting Bent Over Back Stretch.mp4",729989
men,back,"Stretching - Slopes Towards Stretch","men/back/Stretching - Slopes Towards Stretch.mp4",890048
men,back,"Stretching - Spine Stretch Forward","men/back/Stretching - Spine Stretch Forward.mp4",916633
men,back,"Stretching - Spine Stretch","men/back/Stretching - Spine Stretch.mp4",574451
men,back,"Stretching - Standing Back Rotation Stretch","men/back/Stretching - Standing Back Rotation Stretch.mp4",218591
men,back,"Stretching - Standing Lateral Stretch (1)","men/back/Stretching - Standing Lateral Stretch (1).mp4",356194
men,back,"Stretching - Standing Lateral Stretch","men/back/Stretching - Standing Lateral Stretch.mp4",356194
men,biceps,"Barbell Curl","men/biceps/Barbell Curl.mp4",398705
men,biceps,"Barbell Drag Curl","men/biceps/Barbell Drag Curl.mp4",1294883
men,biceps,"Barbell Prone Incline Curl","men/biceps/Barbell Prone Incline Curl.mp4",1106491
men,biceps,"Cable One Arm Curl","men/biceps/Cable One Arm Curl.mp4",660133
men,biceps,"Cable Standing Inner Curl","men/biceps/Cable Standing Inner Curl.mp4",874028
men,biceps,"Dumbbell Alternate Biceps Curl","men/biceps/Dumbbell Alternate Biceps Curl.mp4",517453
men,biceps,"Dumbbell Alternate Seated Biceps Curl","men/biceps/Dumbbell Alternate Seated Biceps Curl.mp4",532162
men,biceps,"Dumbbell Biceps Curl","men/biceps/Dumbbell Biceps Curl.mp4",304602
men,biceps,"Dumbbell Concentration Curl","men/biceps/Dumbbell Concentration Curl.mp4",400927
men,biceps,"Dumbbell Cross Body Hammer Curl","men/biceps/Dumbbell Cross Body Hammer Curl.mp4",338136
men,biceps,"Dumbbell Incline Biceps Curl","men/biceps/Dumbbell Incline Biceps Curl.mp4",819556
men,biceps,"Dumbbell Incline Curl","men/biceps/Dumbbell Incline Curl.mp4",346142
men,biceps,"Dumbbell Incline Hammer Curl","men/biceps/Dumbbell Incline Hammer Curl.mp4",821685
men,biceps,"Dumbbell One Arm Zottman Preacher Curl","men/biceps/Dumbbell One Arm Zottman Preacher Curl.mp4",360123
men,biceps,"Dumbbell Preacher Curl Over Exercise Ball","men/biceps/Dumbbell Preacher Curl Over Exercise Ball.mp4",408384
men,biceps,"Dumbbell Prone Incline Curl","men/biceps/Dumbbell Prone Incline Curl.mp4",711053
men,biceps,"Dumbbell Seated Preacher Curl","men/biceps/Dumbbell Seated Preacher Curl.mp4",232750
men,biceps,"EZ Barbell Biceps Curl","men/biceps/EZ Barbell Biceps Curl.mp4",298518
men,biceps,"Lever Preacher Curl","men/biceps/Lever Preacher Curl.mp4",1054680
men,biceps,"Lying Supine Dumbbell Curl","men/biceps/Lying Supine Dumbbell Curl.mp4",1073372
men,biceps,"Stretching - Butterfly Yoga Pose","men/biceps/Stretching - Butterfly Yoga Pose.mp4",785680
men,calves,"Band Standing Calf Raise","men/calves/Band Standing Calf Raise.mp4",686937
men,calves,"Dumbbell Seated Calf Raise","men/calves/Dumbbell Seated Calf Raise.mp4",649921
men,calves,"Dumbbell Standing Calf Raise","men/calves/Dumbbell Standing Calf Raise.mp4",277206
men,calves,"Lever Seated Calf Raise","men/calves/Lever Seated Calf Raise.mp4",953172
men,calves,"Sled 45 Degree Calf Press","men/calves/Sled 45 Degree Calf Press.mp4",251168
men,calves,"Smith Calf Raise","men/calves/Smith Calf Raise.mp4",969807
men,calves,"Stretching - Calf Stretch with Rope","men/calves/Stretching - Calf Stretch with Rope.mp4",743090
men,calves,"Stretching - Circles Knee Stretch","men/calves/Stretching - Circles Knee Stretch.mp4",695693
men,calves,"Stretching - Feet and Ankles Rotation Stretch","men/calves/Stretching - Feet and Ankles Rotation Stretch.mp4",235484
men,calves,"Stretching - Peroneals Stretch","men/calves/Stretching - Peroneals Stretch.mp4",692771
men,calves,"Stretching - Seated Calf Stretch","men/calves/Stretching - Seated Calf Stretch.mp4",710640
men,calves,"Stretching - Stairs Calf Stretch","men/calves/Stretching - Stairs Calf Stretch.mp4",323284
men,calves,"Stretching - Standing Bench Calf Stretch","men/calves/Stretching - Standing Bench Calf Stretch.mp4",619862
men,cardio,"Battling Ropes","men/cardio/Battling Ropes.mp4",1417969
men,cardio,"Burpee","men/cardio/Burpee.mp4",614720
men,cardio,"Cardio Exercises","men/cardio/Cardio Exercises.mp4",425795
men,cardio,"Elliptical","men/cardio/Elliptical.mp4",1443633
men,cardio,"Jump Rope","men/cardio/Jump Rope.mp4",2199174
men,cardio,"Jump Step-up","men/cardio/Jump Step-up.mp4",788001
men,cardio,"Jumping Jack","men/cardio/Jumping Jack.mp4",600714
men,cardio,"Running","men/cardio/Running.mp4",425795
men,cardio,"Stationary Bike","men/cardio/Stationary Bike.mp4",964289
men,cardio,"Stretching - Bridge Pose Setu Bandhasana (1)","men/cardio/Stretching - Bridge Pose Setu Bandhasana (1).mp4",1668247
men,cardio,"Stretching - Bridge Pose Setu Bandhasana","men/cardio/Stretching - Bridge Pose Setu Bandhasana.mp4",1668247
men,cardio,"Stretching - Flexion Leg Sit-up","men/cardio/Stretching - Flexion Leg Sit-up.mp4",766266
men,cardio,"Stretching - Front Toe Touch","men/cardio/Stretching - Front Toe Touch.mp4",1341099
men,cardio,"Stretching - Plyo Side Lunge Stretch","men/cardio/Stretching - Plyo Side Lunge Stretch.mp4",1365424
men,cardio,"Stretching - Single Leg Stretch (bent knee)","men/cardio/Stretching - Single Leg Stretch (bent knee).mp4",721941
men,cardio,"Stretching - Single Straight Leg Stretch","men/cardio/Stretching - Single Straight Leg Stretch.mp4",709599
men,cardio,"Treadmill Running","men/cardio/Treadmill Running.mp4",414432
men,cardio,"Walk Wave Machine","men/cardio/Walk Wave Machine.mp4",983199
men,chest,"Band High Fly","men/chest/Band High Fly.mp4",472418
men,chest,"Barbell Bench Press","men/chest/Barbell Bench Press.mp4",342101
men,chest,"Barbell Decline Bench Press","men/chest/Barbell Decline Bench Press.mp4",1076491
men,chest,"Barbell Incline Bench Press","men/chest/Barbell Incline Bench Press.mp4",977670
men,chest,"Cable Lying Fly, Flat Bench Cable Fly","men/chest/Cable Lying Fly, Flat Bench Cable Fly.mp4",1009980
men,chest,"Cable Standing Fly, Crossover fly","men/chest/Cable Standing Fly, Crossover fly.mp4",1077890
men,chest,"Chest Dips","men/chest/Chest Dips.mp4",957387
men,chest,"Decline Dumbbell Bench Press (45 degree)","men/chest/Decline Dumbbell Bench Press (45 degree).mp4",1145062
men,chest,"Deep Push-ups","men/chest/Deep Push-ups.mp4",784320
men,chest,"Dumbbell Bench Press","men/chest/Dumbbell Bench Press.mp4",376269
men,chest,"Dumbbell Decline Fly (45 degree) (1)","men/chest/Dumbbell Decline Fly (45 degree) (1).mp4",448721
men,chest,"Dumbbell Decline Fly (45 degree)","men/chest/Dumbbell Decline Fly (45 degree).mp4",448721
men,chest,"Dumbbell Fly On Exercise Ball","men/chest/Dumbbell Fly On Exercise Ball.mp4",477849
men,chest,"Dumbbell Fly","men/chest/Dumbbell Fly.mp4",570574
men,chest,"Dumbbell Incline Bench Press","men/chest/Dumbbell Incline Bench Press.mp4",326492
men,chest,"Dumbbell Incline Fly On Exercise Ball","men/chest/Dumbbell Incline Fly On Exercise Ball.mp4",497110
men,chest,"Dumbbell Incline Fly","men/chest/Dumbbell Incline Fly.mp4",895142
men,chest,"Dumbbell Lying Hammer Press","men/chest/Dumbbell Lying Hammer Press.mp4",1363136
men,chest,"Incline Push-Ups","men/chest/Incline Push-Ups.mp4",625406
men,chest,"Lever Chest Press","men/chest/Lever Chest Press.mp4",416747
men,chest,"Lever Incline Hammer Chest Press","men/chest/Lever Incline Hammer Chest Press.mp4",1135223
men,chest,"Lever Lying Chest Press","men/chest/Lever Lying Chest Press.mp4",1414491
men,chest,"Lever Pec Deck Fly","men/chest/Lever Pec Deck Fly.mp4",393293
men,chest,"Push-ups","men/chest/Push-ups.mp4",698022
men,chest,"Stretching - Above Head Chest Stretch","men/chest/Stretching - Above Head Chest Stretch.mp4",293117
men,chest,"Stretching - Back Pec Stretch","men/chest/Stretching - Back Pec Stretch.mp4",705364
men,chest,"Stretching - Dynamic Chest Stretch","men/chest/Stretching - Dynamic Chest Stretch.mp4",309458
men,chest,"Stretching - Kneeling Back Rotation Stretch","men/chest/Stretching - Kneeling Back Rotation Stretch.mp4",611627
men,chest,"Stretching - Standing Reach Up Back Rotation Stretch","men/chest/Stretching - Standing Reach Up Back Rotation Stretch.mp4",274979
men,chest,"Stretching - Standing Wheel Rollout","men/chest/Stretching - Standing Wheel Rollout.mp4",688376
men,chest,"Triceps Dips","men/chest/Triceps Dips.mp4",902984
men,chest,"Wide Grip Push-ups","men/chest/Wide Grip Push-ups.mp4",756934
